Program Name,Duration,Intakes,Tuition/yr (AUD),Application Fee,Initial Deposit (AUD),Source
Doctor of Physiotherapy| (Quota Program - Limited Seats),24 months,"Open, May",87960,No Application Fee,43980,KC coursefinder.ai (pointer - needs official verification)
Master of Occupational Therapy,24 months,"Open, May, Sep",81600,No Application Fee,40800,KC coursefinder.ai (pointer - needs official verification)
Master of Construction Practice/ Master of Project Management,24 months,"Open, Jan, May, Sep",52957,No Application Fee,26479,KC coursefinder.ai (pointer - needs official verification)
Master of Data Analytics (Professional),21 months,"Open, Jan, Sep",49446,No Application Fee,24723,KC coursefinder.ai (pointer - needs official verification)
Bachelor of Health Sciences,24 months,"Open, Jan, May, Sep",75120,No Application Fee,37560,KC coursefinder.ai (pointer - needs official verification)
Master of Finance/ Master of Business Administration,24 months,"Open, Jan, May, Sep",60265,No Application Fee,30133,KC coursefinder.ai (pointer - needs official verification)
Master of Marketing (Professional),21 months,"Open, Jan, Sep",49640,No Application Fee,24820,KC coursefinder.ai (pointer - needs official verification)
Master of Sport Management (Professional),24 months,"Open, Jan, May, Sep",43690,No Application Fee,21845,KC coursefinder.ai (pointer - needs official verification)
Bachelor of Commerce,24 months,"Open, Jan, May, Sep",71880,No Application Fee,35940,KC coursefinder.ai (pointer - needs official verification)
Master of Accounting (Professional),21 months,"Open, May, Jan, Sep",48972,No Application Fee,,KC coursefinder.ai (pointer - needs official verification)
Master of Juris Doctor,24 months,"Open, Jan, May, Sep",76075,No Application Fee,38038,KC coursefinder.ai (pointer - needs official verification)
Master of Nutrition and Dietetic Practice,24 months,"Open, May",63600,No Application Fee,31800,KC coursefinder.ai (pointer - needs official verification)
Master of Project Management (Professional),21 months,"Open, Jan, May, Sep",36638,No Application Fee,,KC coursefinder.ai (pointer - needs official verification)
Master of Psychology (Clinical),24 months,"Open, May",54400,No Application Fee,27200,KC coursefinder.ai (pointer - needs official verification)
Bachelor of Biomedical Science,24 months,"Open, Jan, May",75120,No Application Fee,37560,KC coursefinder.ai (pointer - needs official verification)
Bachelor of Digital Transformation,24 months,"Open, Jan, May, Sep",75120,No Application Fee,37560,KC coursefinder.ai (pointer - needs official verification)
Bachelor of Health Transformation/ Bachelor of Health Sciences,36 months,"Open, Sep",71880,No Application Fee,35940,KC coursefinder.ai (pointer - needs official verification)
Bachelor of International Hotel and Tourism Management,24 months,"Open, Jan, May, Sep",75120,No Application Fee,37560,KC coursefinder.ai (pointer - needs official verification)
Bachelor of Laws,32 months,"Open, Jan, May, Sep",75120,No Application Fee,37560,KC coursefinder.ai (pointer - needs official verification)
Master of Actuarial Practice,24 months,"Open, Jan, May, Sep",60435,No Application Fee,30218,KC coursefinder.ai (pointer - needs official verification)
Master of Architecture (Professional),24 months,"Open, Jan, Sep",56937,No Application Fee,28469,KC coursefinder.ai (pointer - needs official verification)
Master of Criminology/ Master of Project Management,24 months,"Open, Jan, May, Sep",49075,No Application Fee,24538,KC coursefinder.ai (pointer - needs official verification)
Bachelor of Actuarial Science,24 months,"Open, Jan, May, Sep",75120,No Application Fee,37560,KC coursefinder.ai (pointer - needs official verification)
Bachelor of Actuarial Science (3 Year Program),36 months,"Open, Jan, Sep",47920,No Application Fee,23960,KC coursefinder.ai (pointer - needs official verification)
Bachelor of Actuarial Science/ Bachelor of Laws,44 months,"Open, Jan, May, Sep",71880,No Application Fee,35940,KC coursefinder.ai (pointer - needs official verification)
Bachelor of Actuarial Science/ Bachelor of Laws,40 months,"Open, Jan, May, Sep",75120,No Application Fee,37560,KC coursefinder.ai (pointer - needs official verification) - possible duplicate of above row, same title
Bachelor of Actuarial Science/ Bachelor of Laws,40 months,"Open, Jan, May, Sep",75120,No Application Fee,37560,KC coursefinder.ai (pointer - needs official verification) - possible duplicate, same title/duration/fee as previous row
Bachelor of Arts,24 months,"Open, Jan, May, Sep",75120,No Application Fee,37560,KC coursefinder.ai (pointer - needs official verification)
Bachelor of Arts,24 months,"Open, Jan, May, Sep",75120,No Application Fee,37560,KC coursefinder.ai (pointer - needs official verification) - duplicate of previous row
Bachelor of Arts/ Bachelor of Laws,40 months,"Open, Jan, May, Sep",62600,No Application Fee,31300,KC coursefinder.ai (pointer - needs official verification)
Bachelor of Biomedical Science/ Bachelor of Laws,48 months,"Open, Jan, May",75120,No Application Fee,37560,KC coursefinder.ai (pointer - needs official verification)
Bachelor of Biomedical Science/ Bachelor of Laws,48 months,"Open, Jan, May",75120,No Application Fee,37560,KC coursefinder.ai (pointer - needs official verification) - duplicate of previous row
Bachelor of Biomedical Science/ Bachelor of Laws,48 months,"Open, Jan, May",75120,No Application Fee,37560,KC coursefinder.ai (pointer - needs official verification) - duplicate of previous row
Bachelor of Business,24 months,"Open, Jan, May, Sep",75120,No Application Fee,37560,KC coursefinder.ai (pointer - needs official verification)
Bachelor of Business (3 Year Program),36 months,"Open, Jan, Sep",47920,No Application Fee,23960,KC coursefinder.ai (pointer - needs official verification)
Bachelor of Business Law,24 months,"Open, Jan, May, Sep",75120,No Application Fee,37560,KC coursefinder.ai (pointer - needs official verification)
Bachelor of Business/ Bachelor of Commerce,32 months,"Open, Jan, May, Sep",75120,No Application Fee,37560,KC coursefinder.ai (pointer - needs official verification)
Bachelor of Business/ Bachelor of Laws,44 months,"Open, Jan, May, Sep",75120,No Application Fee,37560,KC coursefinder.ai (pointer - needs official verification)
Bachelor of Climate Change and Sustainable Action,24 months,"Open, Jan, May, Sep",71880,No Application Fee,35940,KC coursefinder.ai (pointer - needs official verification)
Bachelor of Clinical Exercise Physiology,28 months,"Open, Jan",23429,No Application Fee,,KC coursefinder.ai (pointer - needs official verification)
Bachelor of Commerce (3 Year Program),36 months,"Open, Jan, Sep",50080,No Application Fee,25040,KC coursefinder.ai (pointer - needs official verification)
Bachelor of Commerce/ Bachelor of Laws,44 months,"Open, Jan, May, Sep",75120,No Application Fee,37560,KC coursefinder.ai (pointer - needs official verification)
Bachelor of Communication (Business),24 months,"Open, Jan, May, Sep",75120,No Application Fee,37560,KC coursefinder.ai (pointer - needs official verification)
Bachelor of Communication (Business)/ Bachelor of Laws,40 months,"Open, Jan, May, Sep",75120,No Application Fee,37560,KC coursefinder.ai (pointer - needs official verification)
Bachelor of Communication (Business)/ Bachelor of Laws,44 months,"Open, Jan, May, Sep",75120,No Application Fee,37560,KC coursefinder.ai (pointer - needs official verification)
Bachelor of Communication (Business)/ Bachelor of Laws,44 months,"Open, Jan, May, Sep",75120,No Application Fee,37560,KC coursefinder.ai (pointer - needs official verification) - duplicate of previous row
Bachelor of Communication/ Bachelor of Laws,36 months,"Open, Jan, May, Sep",75120,No Application Fee,37560,KC coursefinder.ai (pointer - needs official verification)
Bachelor of Construction Management and Quantity Surveying,24 months,"Open, Jan, May, Sep",71880,No Application Fee,35940,KC coursefinder.ai (pointer - needs official verification)
Bachelor of Creative Arts,24 months,"Open, Jan, May, Sep",75120,No Application Fee,37560,KC coursefinder.ai (pointer - needs official verification)
Bachelor of Criminal Justice and Criminology,24 months,"Open, Jan, May, Sep",75120,No Application Fee,37560,KC coursefinder.ai (pointer - needs official verification)
Bachelor of Data Analytics,24 months,"Open, Jan, May, Sep",75120,No Application Fee,37560,KC coursefinder.ai (pointer - needs official verification)
Bachelor of Data Analytics (3 Year Program),36 months,"Open, Jan, Sep",47920,No Application Fee,23960,KC coursefinder.ai (pointer - needs official verification)
Bachelor of Design in Architecture,24 months,"Open, Jan, May, Sep",75120,No Application Fee,37560,KC coursefinder.ai (pointer - needs official verification)
Bachelor of Digital Transformation/ Bachelor of Laws,40 months,"Open, Jan, May, Sep",82632,No Application Fee,41316,KC coursefinder.ai (pointer - needs official verification)
Bachelor of Digital Transformation/ Bachelor of Laws,44 months,"Open, Jan, May, Sep",75120,No Application Fee,37560,KC coursefinder.ai (pointer - needs official verification)
Bachelor of Digital Transformation/ Bachelor of Laws,44 months,"Open, Jan, May, Sep",75120,No Application Fee,37560,KC coursefinder.ai (pointer - needs official verification) - duplicate of previous row
Bachelor of Enterprise Artificial Intelligence,24 months,"Open, Jan, Sep",26200,No Application Fee,,KC coursefinder.ai (pointer - needs official verification)
Bachelor of Entrepreneurial Transformation,36 months,"Open, Jan, May, Sep",50080,No Application Fee,25040,KC coursefinder.ai (pointer - needs official verification)
Bachelor of Entrepreneurial Transformation / Bachelor of Global Studies (Sustainability),32 months,"Open, Jan, May, Sep",75120,No Application Fee,37560,KC coursefinder.ai (pointer - needs official verification)
Bachelor of Entrepreneurial Transformation/ Bachelor of Laws,44 months,"Open, Jan, May, Sep",75120,No Application Fee,37560,KC coursefinder.ai (pointer - needs official verification)
Bachelor of Exercise and Sports Science,24 months,"Open, Jan",71880,No Application Fee,35940,KC coursefinder.ai (pointer - needs official verification)
Bachelor of Film and Television,24 months,"Open, Jan, May, Sep",71880,No Application Fee,35940,KC coursefinder.ai (pointer - needs official verification)
Bachelor of Film and Television (3 Year Program),36 months,"Open, Jan, Sep",50080,No Application Fee,25040,KC coursefinder.ai (pointer - needs official verification)
Bachelor of Global Studies (Sustainability),24 months,"Open, Jan, May, Sep",71880,No Application Fee,35940,KC coursefinder.ai (pointer - needs official verification)
Bachelor of Health Transformation/ Bachelor of Health Sciences,36 months,"Open, Sep",71880,No Application Fee,35940,KC coursefinder.ai (pointer - needs official verification) - duplicate of earlier row (same title/duration/fee)
Bachelor of International Hotel and Tourism Management (3 Year Program),36 months,"Open, Jan, May",50080,No Application Fee,25040,KC coursefinder.ai (pointer - needs official verification)
Bachelor of International Relations,24 months,"Open, Jan, May, Sep",75120,No Application Fee,37560,KC coursefinder.ai (pointer - needs official verification)
Bachelor of International Relations/ Bachelor of Business,32 months,"Open, Jan, May, Sep",75120,No Application Fee,37560,KC coursefinder.ai (pointer - needs official verification)
Bachelor of International Relations/ Bachelor of Laws,40 months,"Open, Jan, May, Sep",62600,No Application Fee,31300,KC coursefinder.ai (pointer - needs official verification) - CHECK: same title/duration as next row but different fee
Bachelor of International Relations/ Bachelor of Laws,40 months,"Open, Jan, May, Sep",75120,No Application Fee,37560,KC coursefinder.ai (pointer - needs official verification) - CHECK: same title/duration as previous row but different fee
Bachelor of International Relations/ Bachelor of Laws,40 months,"Open, Jan, May, Sep",75120,No Application Fee,37560,KC coursefinder.ai (pointer - needs official verification) - duplicate of previous row
Bachelor of Journalism,24 months,"Open, Jan, May, Sep",75120,No Application Fee,37560,KC coursefinder.ai (pointer - needs official verification)
Bachelor of Journalism/ Bachelor of Laws,48 months,"Open, Jan, May, Sep",75120,No Application Fee,37560,KC coursefinder.ai (pointer - needs official verification)
Bachelor of Jurisprudence,24 months,"Open, Jan, May, Sep",75120,No Application Fee,37560,KC coursefinder.ai (pointer - needs official verification)
Bachelor of Policy, Philosophy and Economics,24 months,"Open, Jan, May, Sep",75120,No Application Fee,37560,KC coursefinder.ai (pointer - needs official verification)
Bachelor of Policy, Philosophy and Economics,24 months,"Open, Jan, May, Sep",75120,No Application Fee,37560,KC coursefinder.ai (pointer - needs official verification) - duplicate of previous row
Bachelor of Policy, Philosophy and Economics/ Bachelor of Laws,40 months,"Open, Jan, May, Sep",75120,No Application Fee,37560,KC coursefinder.ai (pointer - needs official verification)
Bachelor of Project Management,24 months,"Open, Jan, May, Sep",75120,No Application Fee,37560,KC coursefinder.ai (pointer - needs official verification)
Bachelor of Project Management,24 months,"Open, Jan, May, Sep",75120,No Application Fee,37560,KC coursefinder.ai (pointer - needs official verification) - duplicate of previous row
Bachelor of Property,24 months,"Open, Jan, May, Sep",71880,No Application Fee,35940,KC coursefinder.ai (pointer - needs official verification)
Bachelor of Psychological Science,24 months,"Open, Jan, May, Sep",75120,No Application Fee,37560,KC coursefinder.ai (pointer - needs official verification)
Bachelor of Psychological Science/ Bachelor of Laws,44 months,"Open, Jan, May, Sep",75120,No Application Fee,37560,KC coursefinder.ai (pointer - needs official verification)
Bachelor of Sport Management,24 months,"Open, Jan, May, Sep",75120,No Application Fee,37560,KC coursefinder.ai (pointer - needs official verification)
Diploma of Arts (pathway),8 months,"Open, Jan, May, Sep",38640,No Application Fee,19320,KC coursefinder.ai (pointer - needs official verification) - pathway diploma, leads into UG programs
Diploma of Built Environment (pathway),8 months,"Open, Jan, May, Sep",38640,No Application Fee,19320,KC coursefinder.ai (pointer - needs official verification) - pathway diploma
Diploma of Business (pathway),8 months,"Open, Jan, May, Sep",38640,No Application Fee,19320,KC coursefinder.ai (pointer - needs official verification) - pathway diploma
Diploma of Creative Design (pathway),12 months,"Open, Jan, May, Sep",43470,No Application Fee,21735,KC coursefinder.ai (pointer - needs official verification) - pathway diploma
Diploma of Health Sciences (pathway),8 months,"Open, Jan, Sep",38640,No Application Fee,19320,KC coursefinder.ai (pointer - needs official verification) - pathway diploma
Diploma of Legal Studies (pathway),8 months,"Open, Jan, May, Sep",38640,No Application Fee,19320,KC coursefinder.ai (pointer - needs official verification) - pathway diploma
Master of Actuarial Science (Specialisation),24 months,"Open, Jan, May, Sep",60435,No Application Fee,30218,KC coursefinder.ai (pointer - needs official verification)
Master of Business Administration (Professional),22 months,"Open, Jan, Sep",44030,Application fee waived off,,KC coursefinder.ai (pointer - needs official verification)
Master of Business Administration/ Master of Project Management,24 months,"Open, Jan, May, Sep",55547,No Application Fee,27774,KC coursefinder.ai (pointer - needs official verification)
Master of Business Administration/ Master of Project Management,24 months,"Open, Jan, May, Sep",55547,No Application Fee,27774,KC coursefinder.ai (pointer - needs official verification) - duplicate of previous row
Master of Communication/ Master of Project Management,24 months,"Open, Jan, May, Sep",49245,No Application Fee,24623,KC coursefinder.ai (pointer - needs official verification)
Master of Enterprise Artificial Intelligence (Professional),21 months,"Open, Jan, Sep",85851,No Application Fee,,KC coursefinder.ai (pointer - needs official verification)
