Program Name,Duration,Intakes,Tuition/yr (AUD),Avg Scholarship (AUD),Initial Deposit (AUD)
Master of Business Administration,24mo,"Jan,May,Sep",39148,9787,19574
Master of Information Technology,24mo,"Jan,May,Sep",38008,9502,19004
Master of Data Science (Professional),24mo,"Jan,Sep",38365,9591,19183
Master of Engineering Management,24mo,"Jan,May,Sep",39280,9820,19640
Bachelor of Business,36mo,"Jan,May,Sep",35646,8912,17823
Bachelor of Information Technology,36mo,"Jan,May,Sep",36899,9225,18450
Master of Education - MBA,24mo,"Jan,May,Sep",39148,9787,19574
Master of International Hospitality & Tourism Management,24mo,"Jan,May,Sep",39148,9787,19574
Master of IT (Artificial Intelligence),24mo,"May,Sep,Feb",38008,9502,19004
Master of Professional Accounting,24mo,"Jan,May,Sep",39148,9787,19574
Bachelor of Commerce,36mo,"Jan,May,Sep",35824,8956,17912
Bachelor of Tourism Hospitality and Events,36mo,"Jan,May,Sep",36899,9225,18450
Master of International Tourism and Hospitality Management,24mo,"Jan,May,Sep",39148,9787,19574
Master of IT (Cyber Security),24mo,"Jan,May,Sep",38008,9502,19004
Master of IT (IT Management),24mo,"Jan,May,Sep",38008,9502,19004
Master of IT - MBA,24mo,"Jan,May,Sep",38008,9502,19004
Master of International Tourism and Hospitality Management - MBA,24mo,"Jan,May,Sep",39148,9787,19574
Master of Professional Accounting - MBA,24mo,"Jan,May,Sep",39148,9787,19574
Master of IT (Software Engineering),24mo,"Jan,May,Sep",38008,9502,19004
